<?xml version="1.0" encoding="UTF-8"?>
<!DOCTYPE mapper PUBLIC "-//mybatis.org//DTD Mapper 3.0//EN" "http://mybatis.org/dtd/mybatis-3-mapper.dtd">

<mapper namespace="NpsPen0001Sql">

  <select id="selectNpsPen0001" resultType="java.util.HashMap">
    <![CDATA[
      SELECT * FROM NPSPEN0001
    ]]>
  </select>

  <select id="selectReqIdCnt" resultType="int">
    <![CDATA[
      SELECT COUNT(*) FROM NPSPEN0001
      WHERE REQUEST_ID = #{requestId}
    ]]>
  </select>

  <update id="updateProStatus">
    <![CDATA[
      UPDATE NPSPEN0001
      SET RES_DT = #{resDt}
        , PRO_STATUS = #{proStatus}
      WHERE REQUEST_ID = #{requestId}
    ]]>
  </update>

  <select id="selectProStatus" resultType="String">
    <![CDATA[
      SELECT PRO_STATUS FROM NPSPEN0001
      WHERE REQUEST_ID = #{requestId}
    ]]>
  </select>

  <select id="selectReqInfo" resultType="java.util.HashMap">
    <![CDATA[
      SELECT
        CALLBACK_URL
        , FORMAT
      FROM NPSPEN0001
      WHERE REQUEST_ID = #{requestId}
    ]]>
  </select>

  <insert id="insertNpsPen0001">
    <![CDATA[
      INSERT INTO NPSPEN0001 (REQUEST_ID, CALLBACK_URL, FORMAT, PRO_STATUS, PRO_MSG, REQ_DT, RES_DT, REG_DT)
      VALUES (
        #{requestId}
        , #{callbackUrl}
        , #{format}
        , #{proStatus}
        , #{proMsg}
        , #{reqDt}
        , #{resDt}
        , #{regDt}
      )
    ]]>
  </insert>

  <update id="updateNpsPen0001">
    <![CDATA[
      UPDATE NPSPEN0001
        SET RES_DT = #{resDt}
          , PRO_STATUS = #{proStatus}
          , PRO_MSG = #{proMsg}
      WHERE REQUEST_ID = #{requestId}
    ]]>
  </update>

</mapper>